{
  "feature_names": [
    "avg_sent_len",
    "circle_kw",
    "code_ratio",
    "false_starts",
    "max_substr_repeat",
    "question_marks",
    "self_sim",
    "sent_len_std",
    "vocab_diversity"
  ],
  "scaler_mean": [
    15.227150884259272,
    0.17680122636688808,
    0.012887711292083432,
    0.5191619826264691,
    1.0638732754215636,
    0.17577925396014307,
    0.3247692298175731,
    8.536152691028295,
    0.69377941563888
  ],
  "scaler_scale": [
    5.613473805077828,
    0.4434424123370531,
    0.012767379552153256,
    0.7819277782567621,
    0.2445270539398119,
    0.6163883202889967,
    0.10637442722545118,
    2.6481890110019335,
    0.0781057133580277
  ],
  "coefficients": [
    -0.6217647370878888,
    0.5285039200130737,
    -1.3425499125527183,
    0.9343561025171241,
    -0.4211839139953261,
    -0.38358300161411,
    -0.375701422398761,
    -0.04902151577452175,
    -1.0172498448600613
  ],
  "intercept": -1.5405114065063148
}