{
  "off_1/01_gcc_bug": {
    "max": 2.130175502657039e-08,
    "fired": 0,
    "n_windows": 3
  },
  "off_1/02_gcc_bug": {
    "max": 7.30535134607635e-08,
    "fired": 0,
    "n_windows": 11
  },
  "off_1/03_llvm_bug": {
    "max": 0.5375000834465027,
    "fired": 0,
    "n_windows": 31
  },
  "off_1/06_django_bug": {
    "max": 1.239407265529735e-05,
    "fired": 0,
    "n_windows": 8
  },
  "off_1/07_react_bug": {
    "max": 1.7873416027214262e-06,
    "fired": 0,
    "n_windows": 3
  },
  "off_1/08_express_bug": {
    "max": 5.525080268853344e-07,
    "fired": 0,
    "n_windows": 2
  },
  "off_1/10_linux_usb_bug": {
    "max": 3.0266337489592843e-06,
    "fired": 0,
    "n_windows": 1
  },
  "off_1/12_linux_fs_bug": {
    "max": 9.759090607985854e-05,
    "fired": 0,
    "n_windows": 3
  },
  "off_1/24_rbtree_bug": {
    "max": 2.2493151845992543e-05,
    "fired": 0,
    "n_windows": 6
  },
  "off_1/30_lapack_bug": {
    "max": 1.3180762037379168e-10,
    "fired": 0,
    "n_windows": 1
  },
  "off_2/01_gcc_bug": {
    "max": 1.2251689440745395e-05,
    "fired": 0,
    "n_windows": 5
  },
  "off_2/02_gcc_bug": {
    "max": 0.9843491911888123,
    "fired": 1,
    "n_windows": 26
  },
  "off_2/03_llvm_bug": {
    "max": 3.40118094754871e-05,
    "fired": 0,
    "n_windows": 24
  },
  "off_2/06_django_bug": {
    "max": 0.39380118250846863,
    "fired": 0,
    "n_windows": 9
  },
  "off_2/07_react_bug": {
    "max": 9.02593569662713e-07,
    "fired": 0,
    "n_windows": 2
  },
  "off_2/08_express_bug": {
    "max": 0.003593230387195945,
    "fired": 0,
    "n_windows": 5
  },
  "off_2/10_linux_usb_bug": {
    "max": 2.9562487569023688e-08,
    "fired": 0,
    "n_windows": 1
  },
  "off_2/12_linux_fs_bug": {
    "max": 1.3426706857444515e-07,
    "fired": 0,
    "n_windows": 4
  },
  "off_2/30_lapack_bug": {
    "max": 5.256512586315765e-11,
    "fired": 0,
    "n_windows": 1
  },
  "heldout_off_1/40_django_jsonfield": {
    "max": 2.5879271561279893e-06,
    "fired": 0,
    "n_windows": 1
  },
  "heldout_off_1/41_django_keytexttransform": {
    "max": 3.035230292880442e-06,
    "fired": 0,
    "n_windows": 4
  },
  "heldout_off_1/42_lapack_uninit": {
    "max": 1.1204773748912066e-14,
    "fired": 0,
    "n_windows": 1
  },
  "heldout_off_1/43_gcc_tbaa": {
    "max": 0.000750049832277,
    "fired": 0,
    "n_windows": 3
  },
  "heldout_off_1/44_llvm_arith": {
    "max": 1.659960616962053e-05,
    "fired": 0,
    "n_windows": 2
  },
  "heldout_off_1/45_llvm_delete": {
    "max": 1.1280523040113621e-06,
    "fired": 0,
    "n_windows": 2
  }
}